"","company","position","category","seniority","salary","posting_requirements_must","job_details"
"1"," Link Group "," BUSINESS ANALYST "," Business Analysis "," Mid, Senior "," 16 000  – 19 000  PLN "," Jira ,  Confluence ,  UML ,  BPMN ,  English (B2)"," Recruitment language: Polish & English ,  Start ASAP ,  Permanent contract ,  Fully remote "
"2"," Nordcloud "," Data Engineer "," Big Data ,  Azure "," Mid, Senior "," 20 000  – 32 000  PLN "," AWS ,  Python ,  Data engineering ,  SQL ,  ETL ,  Spark ,  Azure ,  GCP ,  Azure Synapse ,  ADF ,  AWS Glue ,  Big Data ,  Hadoop ,  HDFS ,  Hive ,  Vault ,  Presto ,  English "," Online recruitment ,  Recruitment language: English ,  Start ASAP ,  Permanent contract ,  Paid holiday for: Employment contract  ,  Fully remote ,  Flexible hours ,  Some travel involved "
"3"," Avenga "," BI Analyst - Tableau "," Business Intelligence "," Mid, Senior "," 15 120  – 21 840  PLN "," Tableau ,  SQL ,  MS SQL ,  Oracle ,  bi ,  Python ,  Polish ,  English "," Recruitment language: Polish ,  Start ASAP ,  Permanent contract ,  Remote for 2 days a week ,  Flexible hours "
"4"," SIS LLC "," 365.academy - a Paid Internship  "," Business Analysis "," Trainee "," 3 989  PLN "," English (B1)"," Online recruitment ,  Recruitment language: English ,  Start ASAP ,  Permanent contract ,  Remote for 3 days a week ,  Flexible hours "
"5"," Divante S.A. "," Business Analyst "," Business Analysis "," Mid "," 10 080  – 16 800  PLN "," ecommerce ,  agile ,  scrum ,  English ,  Polish "," Online recruitment ,  Recruitment language: English & Polish ,  Start ASAP ,  Permanent contract ,  Paid holiday for: Employment contract  ,  Fully remote ,  Flexible hours ,  No travel involved "
"6"," HyLogic "," Junior IT Consultant "," Business Analysis "," Trainee, Junior "," 7 000  – 10 000  PLN "," English "," Recruitment language: English ,  Start ASAP ,  Permanent contract ,  Paid holiday for: B2B (+2) ,  Remote days: flexible in a week ,  Flexible hours ,  No travel involved ,  Free parking space "
"7"," Axpo Polska Sp.z.o.o. "," Data Engineer with SQL "," Big Data ,  Python "," Mid "," 12 000  – 18 000  PLN "," SQL ,  Python ,  Polish ,  English "," Online recruitment ,  Recruitment language: Polish ,  Start ASAP ,  Contract for 6 months ,  Paid holiday for: Employment contract  ,  Remote for 1 day a week ,  Flexible hours "
"8"," Connectis_ "," Analityk IT "," Business Analysis "," Mid "," 13 000  – 19 500  PLN "," Business Analyst ,  Business analysis ,  Jira ,  Redmine ,  Polish ,  English (B1)"," Online recruitment ,  Recruitment language: Polish ,  Start ASAP ,  Permanent contract ,  Remote days: flexible in a week "
"9"," Link Group "," Spark Engineer (Data Platform) "," Big Data ,  Spark "," Mid "," 30 000  – 35 000  PLN "," Spark ,  Python ,  Flink ,  English ,  Polish "," Online recruitment ,  Recruitment language: Polish & English ,  Start ASAP ,  Permanent contract ,  Paid holiday for: Employment contract  ,  Remote for 4 days a week ,  Flexible hours "
"10"," Elitmind "," Remote Snowflake Developer  "," Business Intelligence "," Mid, Senior "," 14 000  – 23 000  PLN "," ETL ,  Snowflake ,  SQL ,  Python ,  English (B2)"," Online recruitment ,  Recruitment language: English & Polish ,  Start ASAP ,  Permanent contract ,  Paid holiday for: B2B  ,  Fully remote ,  Flexible hours ,  No travel involved "
"11"," ERGO Technology & Services "," Enterprise Architect "," Business Intelligence "," Senior, Expert "," 22 000  – 27 000  PLN "," TOGAF ,  ArchiMate ,  BPMN ,  UML ,  Microservices ,  English "," Online recruitment ,  Recruitment language: English ,  Start ASAP ,  Permanent contract ,  Paid holiday for: Employment contract  ,  COVID-time remotely ,  Flexible hours ,  Some travel involved "
"12"," Volvo Group "," Business Analyst  "," Business Analysis "," Mid, Senior "," 10 000  – 18 000  PLN "," UI ,  BPMN ,  Jira ,  UML ,  UX ,  English "," Online recruitment ,  Recruitment language: Polish ,  Start ASAP ,  Permanent contract ,  Paid holiday for: Employment contract  ,  Fully remote "
"13"," Link Group "," Junior Data Operations Engineer "," Big Data ,  SQL "," Junior "," 8 400  – 11 760  PLN "," SQL ,  nonSQL ,  API ,  Microsoft Office ,  English "," Online recruitment ,  Recruitment language: Polish & English ,  Start ASAP ,  Permanent contract ,  Remote days: flexible in a week ,  Flexible hours "
"14"," FIS Technology Services (Poland) Sp. z o.o. "," Operations Software Analyst with German "," Business Analysis "," Mid "," 13 000  – 15 000  PLN "," SQL ,  Java ,  VBA ,  Bash ,  .NET ,  Perl ,  German ,  English "," Recruitment language: Polish & English ,  Start ASAP ,  Permanent contract ,  Paid holiday for: Employment contract  ,  Remote days: flexible in a week ,  Flexible hours "
"15"," Raiffeisen Bank International AG, Oddzial w Polsce "," Business Analyst Institutional Clients "," Business Analysis "," Mid, Senior "," 14 000  – 19 000  PLN "," Jira ,  Agile ,  English (B2)"," Online recruitment ,  Recruitment language: Polish & English ,  Start ASAP ,  Permanent contract ,  Paid holiday for: Employment contract  ,  Remote days: flexible in a week "
"16"," Open Loyalty "," Senior Business Analyst (Product SaaS) "," Business Analysis "," Senior "," 17 000  – 21 000  PLN "," Jira ,  Confluence ,  REST API ,  UML ,  Requirements gathering ,  Requirements analysis ,  Business analysis ,  English (C2),  Polish (C1)"," Recruitment language: Polish & English ,  Start ASAP ,  Permanent contract ,  Paid holiday for: B2B  ,  Fully remote ,  Flexible hours ,  No travel involved "
"17"," Avenga "," Senior Data Engineer "," Big Data ,  Spark "," Senior "," 26 880  – 30 240  PLN "," Spark ,  AWS ,  PySpark ,  English (B2)"," Online recruitment ,  Recruitment language: Polish & English ,  Start ASAP ,  Permanent contract ,  Fully remote ,  Flexible hours "
"18"," Sunscrapers "," Mid Data Engineer (Python) "," Big Data ,  Python "," Mid "," 10 000  – 16 000  PLN "," Git ,  Python ,  SQL ,  Pandas ,  NumPy ,  Data modeling ,  Data mapping ,  JavaScript ,  GCP ,  English ,  Polish "," Online recruitment ,  Recruitment language: Polish & English ,  Start ASAP ,  Permanent contract ,  Fully remote ,  Flexible hours "
"19"," Lingaro "," Power BI Developer with Power Apps "," Business Intelligence "," Mid, Senior "," 20 160  – 25 200  PLN "," Power BI ,  English (C1)"," Online recruitment ,  Recruitment language: English & Polish ,  Start ASAP ,  Permanent contract ,  Fully remote ,  No travel involved "
"20"," Predica Sp. z o.o. "," Apps Portfolio Lead "," Business Analysis "," Senior "," 22 680  – 32 256  PLN "," DevOps ,  Azure ,  Portfolio management ,  Apps ,  English "," Online recruitment ,  Recruitment language: Polish & English ,  Start ASAP ,  Permanent contract ,  Paid holiday for: Employment contract  ,  Fully remote ,  Flexible hours ,  Educational budget: 8000 PLN ,  Hardware budget: 1500 PLN "
"21"," State Street "," Senior Data Analyst - Corporate Audit "," Big Data "," Mid, Senior "," 12 666  – 17 000  PLN "," SQL ,  Python ,  Accounting ,  Tableau ,  ACL ,  SAS ,  MicroStrategy ,  QlikView ,  Technical Writing ,  Polish ,  English "," Online recruitment ,  Recruitment language: Polish & English ,  Start ASAP ,  Permanent contract ,  Paid holiday for: Employment contract  ,  Remote for 1 day a week ,  Flexible hours "
"22"," State Street "," Data Analytics Analyst, Senior Associate "," Big Data ,  Python "," Mid, Senior "," 6 916  – 9 000  PLN "," SQL ,  Accounting ,  ACL ,  SAS ,  Technical Writing ,  Python ,  Polish ,  English "," Online recruitment ,  Recruitment language: Polish & English ,  Start ASAP ,  Permanent contract ,  Paid holiday for: Employment contract  ,  Remote for 1 day a week ,  Flexible hours "
"23"," Link Group "," REMOTE Analityk Systemowy "," Business Analysis "," Mid, Senior "," 16 800  – 21 840  PLN "," UML ,  BPMN ,  Jira ,  Confluence ,  Relational database ,  Sparx ,  SQL ,  System analysis ,  Polish (NATIVE)"," Recruitment language: Polish ,  Start ASAP ,  Permanent contract ,  Fully remote ,  Fixed working hours "
"24"," AVENGA "," ETL Developer "," Big Data ,  SQL "," Mid, Senior "," 23 520  – 28 560  PLN "," SQL ,  Oracle ,  Informatica PowerCenter ,  English (B2)"," Online recruitment ,  Recruitment language: English ,  Start ASAP ,  Permanent contract ,  Paid holiday for: Employment contract  ,  Remote for 3 days a week ,  Flexible hours "
"25"," Link Group "," Remote VBA Mid Developer "," Business Analysis "," Mid "," 13 000  – 16 000  PLN "," Excel ,  VBA ,  JSON ,  English (B2),  Polish (B2)"," Online recruitment ,  Recruitment language: English ,  Start ASAP ,  Permanent contract ,  Fully remote "
"26"," Link Group "," Remote Business Analyst "," Business Analysis "," Mid "," 11 760  – 18 480  PLN "," Atlassian ,  Jira ,  Confluence ,  UML ,  English "," Online recruitment ,  Recruitment language: Polish ,  Start ASAP ,  Permanent contract ,  Fully remote "
"27"," HL Tech "," Data Quality Analyst "," Big Data ,  SQL "," Mid "," 14 000  – 18 000  PLN "," SQL ,  Data management ,  Data warehouses ,  Databases ,  English ,  Polish "," Online recruitment ,  Recruitment language: English & Polish ,  Start ASAP ,  Permanent contract ,  Paid holiday for: Employment contract  ,  Fully remote ,  Flexible hours "
"28"," Elitmind "," Remote Senior Snowflake Engineer "," Business Intelligence "," Senior, Expert "," 20 000  – 28 000  PLN "," Snowflake ,  Python ,  Oracle DB ,  ETL ,  Database administration ,  SnowSQL ,  SnowPipe ,  English (B2)"," Online recruitment ,  Recruitment language: English & Polish ,  Start ASAP ,  Permanent contract ,  Paid holiday for: B2B  ,  Fully remote ,  Flexible hours ,  No travel involved "
"29"," Sigma IT Poland "," Senior Data Engineer "," Big Data ,  Python "," Mid, Senior "," 25 200  – 28 560  PLN "," Python ,  AWS ,  MongoDB ,  Snowflake ,  English "," Recruitment language: Polish & English ,  Start ASAP ,  Permanent contract ,  Paid holiday for: Employment contract  ,  Fully remote ,  Flexible hours "
"30"," Grid Dynamics "," Big Data Engineer  "," Big Data ,  Scala "," Mid, Senior "," 21 000  – 37 000  PLN "," Scala ,  Spark ,  SQL ,  hadoop ,  Kafka ,  docker ,  Kubernetes ,  Airflow ,  Big data ,  Big Query ,  Linux/Unix ,  Interpersonal skills ,  AWS ,  Python ,  English "," Online recruitment ,  Recruitment language: English & Polish ,  Start ASAP ,  Permanent contract ,  Paid holiday for: Employment contract  ,  Fully remote ,  Flexible hours ,  No travel involved ,  Mainly new features "
"31"," BAUKRANE "," Analityk Danych "," Business Analysis "," Mid "," 9 000  – 10 000  PLN "," SQL ,  PowerBI ,  English (B2)"," Recruitment language: Polish ,  Start ASAP ,  Permanent contract ,  Paid holiday for: Employment contract  ,  No remote work ,  Flexible hours "
"32"," From Poland With Dev "," Snowflake Data Engineer - US startup "," Big Data ,  SQL "," Mid, Senior "," 15 000  – 28 000  PLN "," SQL ,  ETL ,  ETL tools ,  Snowflake ,  English ,  Polish "," Online recruitment ,  Recruitment language: English & Polish ,  Start ASAP ,  Permanent contract ,  Paid holiday for: B2B (+1) ,  Fully remote ,  Flexible hours ,  No travel involved ,  Mainly new features ,  Mozliwosc pracy w biurze ,  Nowoczesny projekt: Tak "
"33"," TAURON Obsluga Klienta "," Developer BI (Hurtownie Danych) "," Business Intelligence "," Mid, Senior "," 6 400  – 10 300  PLN "," SQL ,  PL/SQL ,  ETL ,  Oracle ,  Express ,  Apex ,  Polish "," Online recruitment ,  Recruitment language: Polish ,  Start ASAP ,  Permanent contract ,  Paid holiday for: Employment contract  ,  Remote days: flexible in a week ,  Flexible hours "
"34"," Broadridge "," Senior Data Business Analyst  "," Business Analysis "," Mid "," 11 000  – 13 500  PLN "," Excel ,  PowerPoint ,  US working hours ,  English (C1)"," Recruitment language: Polish ,  Start ASAP ,  Permanent contract ,  Paid holiday for: Employment contract  ,  Remote days: flexible in a week ,  US working hours "
"35"," Addepto "," Data Engineer "," Big Data ,  Python "," Senior "," 20 100  – 30 200  PLN "," Python ,  SQL ,  Data Integration ,  ETL tools ,  Big Data ,  Docker ,  AWS ,  Azure ,  Spark ,  Kubernetes ,  English "," Recruitment language: Polish & English ,  Start ASAP ,  Permanent contract ,  Paid holiday for: B2B  ,  Fully remote ,  No travel involved "
"36"," Link Group "," BI Manager "," Business Intelligence "," Senior, Expert "," 20 000  – 30 000  PLN "," Power BI ,  SQL ,  Tableau ,  Qlik ,  Qlik Sense ,  Looker ,  AML ,  Polish ,  English (C1)"," Online recruitment ,  Recruitment language: Polish ,  Start ASAP ,  Permanent contract ,  Paid holiday for: Employment contract  ,  Remote for 2 days a week ,  Flexible hours "
"37"," Link Group "," Senior Cloud Data Engineer "," Big Data ,  SQL "," Senior "," 25 200  – 33 600  PLN "," Python ,  SQL ,  Git ,  Google Cloud Platform ,  BigQuery ,  Terraform ,  Polish ,  English "," Online recruitment ,  Recruitment language: Polish & English ,  Start ASAP ,  Permanent contract ,  Paid holiday for: Employment contract  ,  Remote for 3 days a week ,  Flexible hours ,  No travel involved "
"38"," Link Group "," Dynamics BC Implementation Analyst "," Business Analysis "," Mid "," 16 500  – 18 500  PLN "," Dynamics BC ,  ERP ,  English "," Online recruitment ,  Recruitment language: English & Polish ,  Start ASAP ,  Permanent contract ,  Paid holiday for: Employment contract  ,  Fully remote ,  Flexible hours "
"39"," Link Group "," Remote Qlik Mid Developer "," Business Intelligence "," Mid "," 16 800  – 23 520  PLN "," QlikView ,  Qlik Sense ,  SQL ,  ETL ,  Polish ,  English "," Online recruitment ,  Recruitment language: Polish ,  Start ASAP ,  Permanent contract ,  Paid holiday for: Employment contract  ,  Fully remote ,  Flexible hours ,  No travel involved "
"40"," Link Group "," Data Visualization and BE Manager "," Business Intelligence "," Senior, Expert "," 24 000  – 30 000  PLN "," Tableau ,  ETL ,  SQL ,  Snowflake ,  English "," Online recruitment ,  Recruitment language: Polish & English ,  Start ASAP ,  Permanent contract ,  Paid holiday for: Employment contract  ,  Remote days: flexible in a week ,  Flexible hours "
"41"," Link Group "," Remote SAP MDM Automation Specialist "," Business Intelligence "," Mid "," 23 520  – 25 200  PLN "," SAP ,  Python ,  VBA ,  Master Data Management ,  Agile ,  English "," Online recruitment ,  Recruitment language: English ,  Start ASAP ,  Permanent contract ,  Fully remote ,  Flexible hours "
"42"," Link Group "," Remote Mid / Senior D365 F&O Consultant "," Business Intelligence "," Mid, Senior "," 18 000  – 25 000  PLN "," MS Dynamics ,  Data migration ,  English "," Online recruitment ,  Recruitment language: Polish & English ,  Start ASAP ,  Permanent contract ,  Paid holiday for: B2B  ,  Fully remote ,  Flexible hours "
"43"," HSBC Technology Poland "," Mid Data Modeller - NoSQL "," Big Data ,  NoSQL "," Mid "," 14 500  – 16 500  PLN "," NoSQL ,  Data models ,  English (C1)"," Online recruitment ,  Recruitment language: Polish & English ,  Start ASAP ,  Permanent contract ,  Paid holiday for: Employment contract  ,  Remote days: flexible in a week ,  Flexible hours "
"44"," Link Group "," Remote Blue Prism & Abbyy Developer "," Business Intelligence "," Mid "," 15 000  – 17 000  PLN "," Blue Prism ,  English "," Online recruitment ,  Recruitment language: Polish & English ,  Start ASAP ,  Permanent contract ,  Paid holiday for: B2B  ,  Fully remote ,  Flexible hours "
"45"," Scalac "," Senior Python Developer  "," Big Data ,  Python "," Mid, Senior "," 20 000  – 28 000  PLN "," Python ,  AWS ,  Snowflake ,  RDBMS ,  Docker ,  Kubernetes ,  CI/CD Pipelines ,  Redis ,  Splunk ,  Atlassian ,  Jira ,  Confluence ,  Bitbucket ,  Bamboo ,  REST API ,  Oracle ,  English (B2)"," Online recruitment ,  Recruitment language: Polish & English ,  Start ASAP ,  Permanent contract ,  Paid holiday for: B2B  ,  Fully remote ,  Flexible hours "
"46"," Elitmind "," Business System Analyst (Data&Analytics) "," Business Intelligence "," Mid, Senior "," 15 000  – 21 000  PLN "," SQL ,  SQL Server ,  System analysis ,  Business analysis ,  English (B2)"," Online recruitment ,  Recruitment language: English & Polish ,  Start ASAP ,  Permanent contract ,  Paid holiday for: B2B (+1) ,  Fully remote ,  Flexible hours ,  No travel involved "
"47"," Yard Corporate "," Senior Machine Learning Engineer "," Big Data ,  Python "," Senior, Expert "," 55 000  – 60 000  PLN "," Python ,  Microservices ,  Data Lake ,  Spark ,  AWS ,  Docker ,  Big Data ,  Apache Spark ,  Machine Learning ,  Kafka ,  Hadoop ,  Storm ,  English (C1)"," Online recruitment ,  Recruitment language: Polish & English ,  Start ASAP ,  Permanent contract ,  Fully remote "
"48"," Link Group "," Remote Senior Big Data Developer "," Big Data ,  Python "," Senior "," 27 000  – 29 000  PLN "," Big Data ,  Python ,  Scala ,  Polish ,  English "," Online recruitment ,  Recruitment language: English & Polish ,  Start ASAP ,  Permanent contract ,  Paid holiday for: B2B  ,  Fully remote ,  No travel involved "
"49"," Ework Group "," IT Analyst - Consultant for MacBooks "," Business Analysis "," Senior "," 19 320  – 21 840  PLN "," macOS ,  Polish (B2),  English (B2)"," Recruitment language: Polish & English ,  Start on 2023-01-23 ,  Contract for 9 months ,  Remote days: flexible in a week ,  Flexible hours "
"50"," SEB (Skandinaviska Enskilda Banken) "," Senior Cloud Data Engineer "," Big Data ,  Python "," Senior "," 30 000  – 35 000  PLN "," Python ,  SQL ,  Git ,  Google Cloud Platform ,  BigQuery ,  PUB ,  Terraform ,  English (C1)"," Online recruitment ,  Recruitment language: English ,  Start ASAP ,  Permanent contract ,  Paid holiday for: Employment contract  ,  Remote for 2 days a week ,  Fixed working hours "
"51"," Link Group "," Senior Finance Analytics Engineer "," Business Intelligence "," Senior "," 19 000  – 24 000  PLN "," SAP ,  SAP BW/BI ,  SQL ,  HANA ,  Tableau ,  Power BI ,  Looker ,  Sales and Finance data models ,  Mapping ,  English "," Online recruitment ,  Recruitment language: Polish & English ,  Start ASAP ,  Permanent contract ,  Paid holiday for: Employment contract  ,  Remote days: flexible in a week ,  Flexible hours "
"52"," Elitmind "," Remote Senior BI Consultant/Engineer "," Business Intelligence "," Senior, Expert "," 20 000  – 28 000  PLN "," ETL ,  Azure ,  SQL ,  Power BI ,  SSIS ,  SSAS ,  SQL Server ,  English (B2)"," Online recruitment ,  Recruitment language: English & Polish ,  Start ASAP ,  Permanent contract ,  Fully remote ,  No travel involved "
"53"," Shiji Poland "," Senior Business Analyst "," Business Analysis "," Mid, Senior "," 15 600  – 22 000  PLN "," Business analysis ,  BPMN ,  UML ,  Agile ,  Jira ,  Confluence ,  analytical mindset ,  English (C1)"," Online recruitment ,  Start ASAP ,  Permanent contract ,  Paid holiday for: Employment contract  ,  Remote days: flexible in a week ,  Flexible hours ,  No travel involved "
"54"," Globitell Wholesale Sp. z o.o. Sp. K. "," Junior Data Analyst "," Business Analysis "," Junior "," 6 000  – 7 000  PLN "," Excel ,  Business analysis ,  Polish ,  English "," Recruitment language: Polish ,  Start ASAP ,  Permanent contract ,  Paid holiday for: Employment contract  ,  Remote days: flexible in a week ,  Flexible hours ,  No travel involved "
"55"," Elitmind "," Remote Cloud Engineer (Infrastructure) "," Business Intelligence "," Senior "," 16 000  – 24 000  PLN "," SAN ,  Azure ,  Data Centers ,  IT infrastructure ,  Networks ,  Security ,  English ,  Polish "," Recruitment language: Polish & English ,  Start ASAP ,  Permanent contract ,  Fully remote ,  Flexible hours "
"56"," MS POS Poland Sp. z o.o. "," Remote Senior D365 Solution Architect "," Business Analysis "," Senior "," 20 000  – 30 000  PLN "," communication skills ,  The Dynamics 365: Finance and Operations ,  ERP ,  English (C1),  Polish (C1)"," Online recruitment ,  Recruitment language: Polish ,  Start ASAP ,  Permanent contract ,  Paid holiday for: Employment contract  ,  Fully remote ,  Flexible hours ,  Some travel involved "
"57"," Schneider Electric "," Remote System/Business Analyst "," Business Analysis "," Mid, Senior "," 16 170  – 24 150  PLN "," Jira ,  Confluence ,  Excel ,  Business analysis ,  System analysis ,  English ,  Polish "," Recruitment language: English & Polish ,  Start ASAP ,  Contract for 12 months ,  Paid holiday for: B2B  ,  Fully remote ,  No travel involved "
"58"," Avenga "," Big Data Engineer "," Big Data ,  Spark "," Mid, Senior "," 21 840  – 28 560  PLN "," Spark ,  PySpark ,  Big Data ,  Databricks ,  Azure Data Factory ,  Apache Airflow ,  Kafka ,  Grafana ,  English (B2)"," Recruitment language: Polish ,  Start ASAP ,  Permanent contract ,  Fully remote ,  Mainly new features "
"59"," Avenga "," Business Analyst "," Business Analysis "," Mid, Senior "," 18 480  – 23 520  PLN "," Jira ,  Agile ,  English (B2),  Polish "," Online recruitment ,  Recruitment language: Polish ,  Start ASAP ,  Permanent contract ,  Remote for 3 days a week ,  Flexible hours "
"60"," Reply Polska "," Junior Data Engineer "," Big Data ,  Spark "," Junior "," 5 000  – 9 000  PLN "," Spark ,  AWS ,  Data engineering ,  Python ,  Kafka ,  ETL ,  Team player ,  Azure ,  Kubernetes ,  Airflow ,  Big Data ,  Hadoop ,  Scala ,  Shell ,  Perl ,  English "," Online recruitment ,  Recruitment language: English ,  Start ASAP ,  Permanent contract ,  Paid holiday for: Employment contract  ,  Fully remote ,  Flexible hours ,  No travel involved "
"61"," BNY Mellon "," Quantitative Analyst "," Business Analysis "," Mid "," 6 666  – 10 000  PLN "," C ,  C++ ,  C# ,  Java ,  MATLAB ,  SAS ,  English (B2)"," Online recruitment ,  Recruitment language: Polish ,  Start on 2023-07-03 ,  Permanent contract ,  Paid holiday for: Employment contract  ,  Remote for 3 days a week ,  Flexible hours "
"62"," Amer Sports "," Mid RPA Business Analyst "," Business Analysis "," Mid "," 8 000  – 13 000  PLN "," RPA ,  VBA ,  Scripting ,  BPMS ,  SharePoint ,  Sigma "," Recruitment language: English ,  Start ASAP ,  Permanent contract ,  Paid holiday for: Employment contract  ,  Remote days: flexible in a week ,  Flexible hours "
"63"," Connectis_ "," Analityk Systemowy  "," Business Analysis "," Mid, Senior "," 25 200  – 28 560  PLN "," Jira ,  Confluence ,  REST ,  SQL ,  BPMN ,  UML ,  System analyst ,  English (B2)"," Online recruitment ,  Recruitment language: Polish ,  Start on 2023-02-01 ,  Permanent contract ,  Remote for 1 day a week ,  Fixed working hours "
"64"," Siili Solutions "," Business Analyst "," Business Analysis "," Mid, Senior "," 15 120  – 21 000  PLN "," 3+ years experience in a similar role ,  Communication skills ,  Scrum ,  Business awerness ,  Technical background ,  Critical thinking ,  Business analysis ,  Agile ,  Facilitate on-site and remote meetings ,  UI ,  UX ,  Figma ,  Polish ,  English (B2)"," Online recruitment ,  Recruitment language: Polish ,  Start ASAP ,  Permanent contract ,  Paid holiday for: Employment contract  ,  Fully remote ,  Flexible hours ,  No travel involved "
"65"," B2B Soft "," Remote Business  / System   Analyst "," Business Analysis "," Mid, Senior "," 19 946  – 26 595  PLN "," SQL ,  Business analysis ,  System analysis ,  UX ,  UI ,  REST API ,  SOAP ,  English (B2)"," Recruitment language: English & Ukrainian ,  Start ASAP ,  Permanent contract ,  Fully remote ,  Flexible hours "
"66"," ING BANK SLASKI SPÓLKA AKCYJNA "," Analityk Systemowo-Biznesowy (MojeING) "," Business Analysis "," Mid "," 10 000  – 20 000  PLN "," UML ,  BPMN ,  Agile ,  Polish "," Recruitment language: Polish ,  Start ASAP ,  Permanent contract ,  Paid holiday for: Employment contract  ,  Fully remote ,  Flexible hours "
"67"," ING BANK SLASKI SPÓLKA AKCYJNA "," Analityk Systemowo–Biznesowy (COO)  "," Business Analysis "," Mid "," 10 000  – 20 000  PLN "," UML ,  BPMN ,  REST ,  Kafka ,  Polish "," Recruitment language: Polish ,  Start ASAP ,  Permanent contract ,  Paid holiday for: Employment contract  ,  Fully remote ,  Flexible hours "
"68"," Avenga "," Data Analyst  "," Big Data "," Mid "," 21 840  – 24 360  PLN "," ETL ,  SQL ,  English (B2)"," Online recruitment ,  Recruitment language: Polish & English ,  Start ASAP ,  Permanent contract ,  Remote days: flexible in a week "
"69"," Hoist Finance AB Oddzial w Polsce "," Data Analyst "," Business Analysis "," Mid "," 12 000  – 15 000  PLN "," Tableau ,  MS SQL ,  SSRS ,  SSIS ,  dbt ,  English "," Online recruitment ,  Recruitment language: Polish & English ,  Start ASAP ,  Permanent contract ,  Paid holiday for: Employment contract  ,  Remote days: flexible in a week ,  Flexible hours "
"70"," Link Group "," Remote BI Tech Lead "," Business Intelligence "," Senior, Expert "," 20 160  – 26 880  PLN "," Power BI ,  SQL ,  Power Platform ,  Azure ,  DAX ,  Cloud ,  ETL ,  Polish ,  English "," Online recruitment ,  Recruitment language: Polish ,  Start on 2023-01-31 ,  Permanent contract ,  Paid holiday for: Employment contract  ,  Fully remote ,  Flexible hours ,  No travel involved "
"71"," SEB (Skandinaviska Enskilda Banken) "," Junior Cloud Data Engineer "," Big Data ,  Python "," Junior "," 15 600  – 24 000  PLN "," Python ,  SQL ,  Git ,  Google Cloud Platform ,  BigQuery ,  PUB ,  Terraform ,  English (C1)"," Online recruitment ,  Recruitment language: English ,  Start ASAP ,  Permanent contract ,  Paid holiday for: Employment contract  ,  Remote for 2 days a week ,  Fixed working hours "
"72"," Efficient Insurance Solutions "," Mlodszy Specjalista ds. Analiz "," Business Analysis "," Junior "," 5 000  – 8 000  PLN "," MS SQL ,  Access ,  MS Excel ,  ETL ,  English (B1)"," Recruitment language: Polish ,  Start ASAP ,  Permanent contract ,  Paid holiday for: Employment contract  ,  Remote days: flexible in a week "
"73"," Direct Communication Sp. z o.o. "," SQL Developer - Remote "," Big Data ,  SQL "," Mid, Senior "," 20 000  – 25 000  PLN "," SQL ,  T-SQL ,  SQL Server ,  Power BI ,  Azure DevOps ,  Azure Cloud ,  PowerShell ,  ETL ,  SSIS ,  ADF ,  MS SQL Server ,  English (B2)"," Online recruitment ,  Recruitment language: English ,  Start ASAP ,  Permanent contract ,  Paid holiday for: Employment contract  ,  Fully remote ,  Flexible hours "
"74"," Ework Group "," Lead Business Analyst  "," Business Analysis "," Senior "," 31 752  – 34 272  PLN "," SAP ,  SAP FICO ,  English "," Online recruitment ,  Recruitment language: Polish ,  Start ASAP ,  Permanent contract ,  Fully remote "
"75"," smartpatient "," Mid Data Scientist "," Big Data ,  Python "," Mid "," 15 750  – 19 300  PLN "," Python ,  Docker ,  Git ,  User Research ,  Data visualization ,  English (C1),  Polish (NATIVE)"," Online recruitment ,  Recruitment language: Polish & English ,  Start ASAP ,  Permanent contract ,  Fully remote ,  Flexible hours "
"76"," R.M. Edison Sp. z o.o. "," Remote Mid system business analyst "," Business Analysis "," Mid "," 17 800  – 24 000  PLN "," UML ,  BPMN ,  System analysis ,  Enterprise Architect ,  Polish (NATIVE)"," Online recruitment ,  Recruitment language: Polish ,  Start ASAP ,  Permanent contract ,  Fully remote ,  Flexible hours "
"77"," DevsData LLC "," Mid/Senior Data Engineer (REMOTE) "," Big Data ,  Python "," Mid, Senior "," 13 500  – 23 500  PLN "," Python ,  SQL ,  RDBMS ,  Airflow ,  English (B2)"," Online recruitment ,  Recruitment language: Polish & English ,  Start ASAP ,  Permanent contract ,  Fully remote ,  Flexible hours ,  No travel involved "
"78"," Sollers Consulting "," Business Analyst "," Business Analysis "," Junior "," 7 300  – 11 200  PLN "," Business analysis ,  English "," Online recruitment ,  Recruitment language: English ,  Start ASAP ,  Permanent contract ,  Paid holiday for: B2B (+1) ,  Remote days: flexible in a week ,  Some travel involved "
"79"," Sollers Consulting "," Senior Data Engineer "," Big Data "," Mid "," 13 700  – 20 000  PLN "," DWH ,  AWS Lambda ,  SQL ,  T-SQL ,  ETL ,  ELT ,  English "," Online recruitment ,  Recruitment language: English ,  Start ASAP ,  Permanent contract ,  Paid holiday for: Employment contract  ,  Remote days: flexible in a week ,  Some travel involved "
"80"," Sollers Consulting "," Data Architect "," Big Data ,  mssql "," Senior "," 22 500  – 26 800  PLN "," MDM ,  AI ,  mssql ,  English "," Online recruitment ,  Recruitment language: English ,  Start ASAP ,  Permanent contract ,  Paid holiday for: B2B (+1) ,  Remote days: flexible in a week ,  Some travel involved "
"81"," Sollers Consulting "," Snowflake Engineer "," Big Data ,  Snowflake "," Mid "," 17 500  – 23 700  PLN "," Snowflake ,  DWH ,  SQL ,  Python ,  Java ,  Scala ,  ETL ,  English "," Online recruitment ,  Recruitment language: English ,  Start ASAP ,  Permanent contract ,  Paid holiday for: B2B (+1) ,  Remote days: flexible in a week ,  Some travel involved "
"82"," Sylvamo Polska "," SAP FI/CO Technical Consultant "," Business Analysis "," Senior "," 16 000  – 18 000  PLN "," Communication skills ,  Business analysis ,  System analysis ,  Critical thinking ,  Team player ,  Problem solving ,  SAP FI/CO ,  SAP ECC ,  Project Management ,  Business Process Mapping ,  SAP ,  English (C1)"," Online recruitment ,  Recruitment language: English ,  Start ASAP ,  Permanent contract ,  Paid holiday for: Employment contract  ,  Remote days: flexible in a week ,  No travel involved "
"83"," Ework Group "," Lead/Expert Hadoop Developer "," Big Data ,  Hadoop "," Expert "," 36 960  – 45 360  PLN "," Hadoop ,  Scala ,  Spark ,  Hive ,  Kafka ,  Polish (NATIVE),  English (B2)"," Online recruitment ,  Recruitment language: Polish & English ,  Start ASAP ,  Permanent contract ,  Fully remote "
"84"," SoftServe "," Microsoft Power Platform Engineer "," Business Intelligence "," Senior "," 19 000  – 21 000  PLN "," Microsoft Power Apps ,  Microsoft Power Platform ,  Power Automate ,  Power BI ,  English (B2)"," Online recruitment ,  Recruitment language: Polish & English ,  Start ASAP ,  Permanent contract ,  Paid holiday for: B2B (+1) ,  Fully remote ,  Flexible hours "
"85"," Link Group "," Remote Mid/Senior SQL Developer "," Big Data ,  SQL "," Mid, Senior "," 25 200  – 33 600  PLN "," SQL ,  Flexcube ,  Oracle ,  English (B2)"," Recruitment language: Polish ,  Start ASAP ,  Permanent contract ,  Fully remote ,  No travel involved ,  Mainly new features "
"86"," Mindbox S.A. "," Data Scientist  "," Big Data ,  Google Cloud Platform "," Mid, Senior "," 25 200  – 31 500  PLN "," GCP ,  ML ,  Data analysis ,  Google Cloud Platform ,  English "," Recruitment language: Polish & English ,  Start ASAP ,  Permanent contract ,  Fully remote ,  Fixed working hours ,  Relocation package: 4000 PLN "
"87"," Linux Polska "," Konsultant / Developer bazodanowy "," Big Data ,  SQL "," Mid "," 20 000  – 23 000  PLN "," SQL ,  PostgreSQL ,  HA ,  Kafka ,  Polish "," Recruitment language: Polish ,  Start ASAP ,  Permanent contract ,  Paid holiday for: B2B  ,  Fully remote ,  No travel involved "
"88"," Lingaro "," E-commerce (Business) Consultant "," Business Analysis "," Senior "," 18 480  – 21 840  PLN "," English (C1)"," Online recruitment ,  Recruitment language: Polish ,  Start ASAP ,  Permanent contract ,  Fully remote ,  Flexible hours "
"89"," Finture "," Analityk systemowo-biznesowy "," Business Analysis "," Mid, Senior "," 18 000  – 22 000  PLN "," System analysis ,  Business analysis ,  BPM ,  Polish (C1)"," Online recruitment ,  Recruitment language: Polish ,  Start ASAP ,  Permanent contract ,  Remote for 3 days a week ,  Flexible hours "
"90"," SoftServe "," Supply Chain Consultant "," Business Analysis "," Senior "," 19 000  – 24 000  PLN "," End-to-end Supply Chain operations ,  Order Management ,  Demand Planning ,  Supply Planning & Scheduling ,  Sales & Operations Planning ,  R&D and New Product Introduction ,  Master Data Management ,  Distribution & Availability Management ,  Supply Chain Finance ,  English (B2)"," Online recruitment ,  Recruitment language: Polish & English ,  Start ASAP ,  Permanent contract ,  Paid holiday for: B2B  ,  Fully remote ,  Some travel involved "
"91"," Team Connect "," Analityk biznesowo - systemowy  "," Business Analysis "," Mid, Senior "," 16 800  – 21 840  PLN "," BPMN ,  Enterprise Architect ,  PL/SQL ,  Polish ,  English "," Online recruitment ,  Recruitment language: Polish ,  Start ASAP ,  Permanent contract ,  Remote for 3 days a week "
"92"," Amer Sports "," Mid ITSM Tool Business Analyst "," Business Analysis "," Mid "," 12 000  – 24 000  PLN "," ITSM  ,  English (B2)"," Recruitment language: English ,  Start ASAP ,  Permanent contract ,  Paid holiday for: Employment contract  ,  Remote for 1 day a week ,  Flexible hours "
"93"," DahliaMatic Sp. z o.o. "," Analityk IT "," Business Analysis "," Mid "," 8 500  – 14 000  PLN "," Polish "," Recruitment language: Polish ,  Start ASAP ,  Permanent contract ,  Paid holiday for: Employment contract  ,  Remote for 1 day a week ,  Flexible hours "
"94"," Capco Poland "," REMOTE DATA ENGINEER (HADOOP) "," Big Data ,  Hadoop "," Mid, Senior "," 20 160  – 31 920  PLN "," Hadoop ,  Python ,  Spark ,  SQL ,  Git ,  Hive ,  SDLC ,  CI ,  CD ,  DevOps ,  BigQuery ,  English "," Online recruitment ,  Recruitment language: English & Polish ,  Start ASAP ,  Permanent contract ,  Fully remote "
"95"," Corvil "," Senior Java Engineer "," Big Data ,  Java "," Mid, Senior "," 15 000  – 25 000  PLN "," Java ,  Big Data ,  Hadoop ,  Spark ,  Kafka ,  Druid ,  Presto ,  OOP ,  C++ ,  Linux ,  Unix ,  Scala ,  Python ,  Polish ,  English "," Recruitment language: Polish & English ,  Start ASAP ,  Permanent contract ,  Paid holiday for: Employment contract  ,  Remote days: flexible in a week ,  Flexible hours ,  No travel involved ,  Mainly new features "
"96"," Connectis_ "," Analityk biznesowo - systemowy  "," Business Analysis "," Mid "," 21 840  – 25 200  PLN "," Scrum ,  Agile ,  Polish (NATIVE),  English "," Online recruitment ,  Recruitment language: Polish ,  Start ASAP ,  Permanent contract ,  Remote for 4 days a week "
"97"," Link Group "," Junior Data Operations Specialist  "," Big Data ,  SQL "," Junior "," 9 000  – 12 500  PLN "," Microsoft Office ,  SQL ,  NoSQL ,  Polish ,  English "," Online recruitment ,  Recruitment language: English & Polish ,  Start ASAP ,  Permanent contract ,  Paid holiday for: B2B  ,  Remote days: flexible in a week ,  No travel involved "
"98"," Polarys "," Big Data Engineer "," Big Data ,  Python "," Mid, Senior "," 18 000  – 28 000  PLN "," Python ,  SQL ,  PySpark ,  Data engineering ,  Azure ,  Presentation skills ,  Communication skills ,  English "," Online recruitment ,  Recruitment language: English & Polish ,  Start ASAP ,  Permanent contract ,  Paid holiday for: B2B (+1) ,  Fully remote "
"99"," Britenet "," Analityk Systemowy (karty platnicze) "," Business Analysis "," Mid, Senior "," 21 500  – 26 500  PLN "," System analysis ,  Oracle ,  PostgreSQL ,  SQL ,  REST API ,  SoapUI ,  Postman ,  UML ,  Enterprise Integration Patterns ,  Polish (C1),  English (C1)"," Online recruitment ,  Recruitment language: Polish ,  Start ASAP ,  Permanent contract ,  Fully remote "
"100"," Infracert TSI "," Machine Learning Engineer "," Big Data ,  Python "," Mid "," 16 000  – 24 000  PLN "," Python ,  scikit-learn ,  NumPy ,  pandas ,  PyTorch ,  TensorFlow ,  Keras ,  English (B2),  Polish (NATIVE)"," Recruitment language: Polish ,  Start ASAP ,  Permanent contract ,  Paid holiday for: Employment contract  ,  Remote days: flexible in a week ,  Flexible hours ,  No travel involved ,  Mainly new features "
"101"," Link Group "," Technical Data Steward "," Big Data ,  Python "," Mid "," 21 000  – 26 000  PLN "," Data management ,  banking ,  Excel ,  SQL ,  Python scripts ,  ETL ,  Python ,  English (B2)"," Online recruitment ,  Recruitment language: Polish & English ,  Start ASAP ,  Permanent contract ,  Paid holiday for: Employment contract  ,  Remote for 3 days a week ,  Flexible hours "
"102"," RITS Professional Services "," Konsultant ds. Automatyzacji "," Business Analysis "," Mid, Senior "," 15 120  – 18 480  PLN "," English (B2),  Polish (B2)"," Online recruitment ,  Recruitment language: Polish ,  Start ASAP ,  Permanent contract ,  Fully remote "
"103"," Avanade Poland "," DataBricks Engineer "," Big Data ,  Spark "," Mid, Senior "," 16 800  – 26 880  PLN "," Azure ,  Python ,  SQL ,  Databricks ,  PySpark ,  T-SQL ,  Azure SQL ,  Spark ,  Azure Databricks ,  Azure Data Factory ,  Data engineering ,  English (B2),  Polish (B2)"," Online recruitment ,  Recruitment language: Polish & English ,  Start on 2023-03-01 ,  Permanent contract ,  Paid holiday for: Employment contract  ,  Remote for 1 day a week ,  Fixed working hours ,  Some travel involved ,  Mainly new features "
"104"," Lingaro "," Azure Tech Lead "," Business Intelligence "," Senior "," 28 560  – 36 960  PLN "," Azure ,  Data Engineering ,  SQL ,  ETL ,  Python ,  Azure Data Factory ,  PySpark ,  Azure Databricks ,  ADLS ,  Azure Synapse ,  DWH ,  CI/CD ,  Cloud environment ,  Proactivity ,  Critical thinking ,  Team Player ,  Leadership and management skills ,  Polish (C2),  English (C1)"," Online recruitment ,  Recruitment language: English & Polish ,  Start ASAP ,  Permanent contract ,  Fully remote ,  Flexible hours ,  Some travel involved "
"105"," Acaisoft Poland Sp. z.o.o "," Mid/Senior Data Engineer "," Big Data ,  Python "," Mid "," 24 000  – 28 000  PLN "," ETL ,  Python ,  Spark ,  Airflow ,  AWS ,  English (B2)"," Online recruitment ,  Recruitment language: Polish & English ,  Start ASAP ,  Permanent contract ,  Paid holiday for: Employment contract  ,  Fully remote ,  Flexible hours ,  No travel involved "
"106"," Acaisoft Poland Sp. z.o.o "," Expert Data Engineer "," Big Data ,  Python "," Senior, Expert "," 31 000  – 35 000  PLN "," ETL ,  Python ,  Spark ,  Airflow ,  AWS ,  Azure ,  English (B2)"," Online recruitment ,  Recruitment language: Polish & English ,  Start ASAP ,  Permanent contract ,  Paid holiday for: Employment contract  ,  Fully remote ,  Flexible hours ,  No travel involved "
"107"," Volvo Group "," Solution Engineer (System Analyst) "," Business Analysis "," Mid, Senior "," 10 000  – 16 000  PLN "," UML ,  English (B2)"," Online recruitment ,  Recruitment language: Polish & English ,  Start ASAP ,  Permanent contract ,  Paid holiday for: Employment contract  ,  Fully remote ,  Flexible hours "
"108"," PKO Finat Sp. z o.o. "," Starszy Analityk Biznesowy e-Doreczenia "," Business Analysis "," Senior, Expert "," 20 160  – 21 840  PLN "," BPMN ,  UML ,  Polish "," Online recruitment ,  Recruitment language: Polish ,  Start ASAP ,  Permanent contract ,  Fully remote ,  Flexible hours "
"109"," PKO Finat Sp. z o.o. "," Analityk Biznesowy e-Doreczenia "," Business Analysis "," Mid "," 14 280  – 15 960  PLN "," BPMN ,  UML ,  Polish (NATIVE)"," Online recruitment ,  Recruitment language: Polish ,  Start ASAP ,  Permanent contract ,  Fully remote ,  Flexible hours "
"110"," ClearScale "," Remote Big Data Tech Lead "," Big Data ,  Spark "," Senior, Expert "," 31 248  – 38 640  PLN "," Spark ,  AWS ,  Kafka ,  Java ,  Python ,  English "," Online recruitment ,  Recruitment language: English ,  Start ASAP ,  Permanent contract ,  Fully remote ,  No travel involved ,  Mainly new features "
"111"," ClearScale "," Remote AWS Big Data Developer "," Big Data ,  Python "," Senior "," 31 248  – 38 640  PLN "," AWS ,  Spark ,  Python ,  Hadoop ,  Polish ,  English "," Online recruitment ,  Recruitment language: Polish & English ,  Start ASAP ,  Permanent contract ,  Fully remote ,  Flexible hours ,  No travel involved "
"112"," PKO Finat Sp. z o.o. "," REMOTE BUSINESS ARCHITECT "," Business Analysis "," Mid "," 21 840  – 25 200  PLN "," BPMN ,  TOGAF ,  UML ,  MS Office ,  Jira ,  Polish "," Online recruitment ,  Recruitment language: Polish ,  Start ASAP ,  Permanent contract ,  Fully remote "
"113"," GetInData | Part of Xebia "," Junior Analytics Engineer "," Business Analysis "," Junior "," 10 080  – 15 120  PLN "," analytics ,  SQL ,  BI tool ,  Airflow ,  Data warehouse ,  Data Lakehouse ,  Cloud ,  English (B2),  Polish (C1)"," Recruitment language: Polish ,  Start ASAP ,  Permanent contract ,  Fully remote ,  Flexible hours ,  No travel involved "
"114"," PANEK S.A. "," Mid Business System Analyst "," Business Analysis "," Mid "," 14 000  – 18 000  PLN "," SQL ,  Polish ,  English (B2)"," Online recruitment ,  Recruitment language: Polish & English ,  Start ASAP ,  Permanent contract ,  Paid holiday for: B2B  ,  Remote for 2 days a week ,  Flexible hours ,  No travel involved "
"115"," ASTEK Polska "," Senior Data Engineer (Python) "," Big Data ,  Python "," Senior, Expert "," 25 200  – 29 400  PLN "," Python ,  Azure ,  Git ,  Unix ,  Linux ,  English (B2),  Polish (NATIVE)"," Online recruitment ,  Recruitment language: Polish ,  Start ASAP ,  Permanent contract ,  Paid holiday for: Employment contract  ,  Fully remote "
"116"," Devire "," Senior, IT Infrastructure (Databases) "," Big Data "," Senior "," 15 000  – 17 000  PLN "," Oracle ,  MS SQL ,  English (B2)"," Online recruitment ,  Recruitment language: Polish ,  Start ASAP ,  Permanent contract ,  Paid holiday for: Employment contract  ,  Fully remote "
"117"," S&T ","  Analityk/-czka Systemowy/-a "," Business Analysis "," Mid, Senior "," 10 000  – 20 000  PLN "," BPMN ,  Enterprise Architect ,  UML ,  SQL ,  System analysis ,  Polish (NATIVE),  English (B2)"," Online recruitment ,  Recruitment language: Polish ,  Start ASAP ,  Permanent contract ,  Paid holiday for: B2B (+1) ,  Remote days: flexible in a week "
"118"," Vestigit "," Mid Scrum Master "," Business Analysis "," Mid "," 12 000  – 15 000  PLN "," GitLab ,  English "," Online recruitment ,  Recruitment language: Polish ,  Start ASAP ,  Permanent contract ,  Paid holiday for: Employment contract  ,  Remote days: flexible in a week ,  Flexible hours "
"119"," COIG S.A. "," Architekt IT "," Business Analysis "," Mid, Senior "," 10 000  – 20 000  PLN "," Jira ,  JavaFX ,  Web Api ,  Microservices ,  ReactJS framework ,  AngularJS framework ,  UML ,  BPMN ,  Web services ,  Web API ,  English "," Online recruitment ,  Start ASAP ,  Contract for 3 months ,  Paid holiday for: Employment contract  ,  Remote days: flexible in a week ,  Flexible hours "
"120"," COIG S.A. "," Analityk Procesów Biznesowych "," Business Analysis "," Mid, Senior "," 10 000  – 20 000  PLN "," BPMN ,  SOA ,  SQL ,  UML ,  English (B2)"," Online recruitment ,  Recruitment language: Polish ,  Start ASAP ,  Contract for 3 months ,  Paid holiday for: Employment contract  ,  Remote days: flexible in a week ,  Flexible hours "
"121"," ING BANK SLASKI SPÓLKA AKCYJNA "," IT System Analyst new Core Banking "," Business Analysis "," Mid, Senior "," 10 000  – 20 000  PLN "," UML ,  BPMN ,  Enterprise Architect ,  REST ,  Kafka ,  SQL ,  Polish ,  English "," Recruitment language: Polish ,  Start ASAP ,  Permanent contract ,  Paid holiday for: Employment contract  ,  Fully remote ,  Flexible hours "
"122"," gravity9 "," Data Engineer "," Big Data ,  Azure "," Senior "," 31 920  – 38 640  PLN "," Azure ,  ETL ,  NoSQL ,  T-SQL ,  ADLS ,  Azure Data Factory ,  Azure SQL ,  SSRS ,  English (B2)"," Online recruitment ,  Recruitment language: English & Polish ,  Start ASAP ,  Permanent contract ,  Fully remote ,  Flexible hours "
"123"," March Networks "," Business Analyst "," Business Analysis "," Mid, Senior "," 13 000  – 20 000  PLN "," UML ,  BPMN ,  Jira ,  Confluence ,  English (B2)"," Online recruitment ,  Recruitment language: Polish & English ,  Start ASAP ,  Permanent contract ,  Paid holiday for: Employment contract  ,  Remote for 2 days a week ,  Flexible hours "
"124"," Dreamlab Technologies AG "," Big Data Developer (Remote) "," Big Data ,  Spark "," Senior "," 27 756  – 55 512  PLN "," Spark ,  Big Data ,  Kafka ,  Storm ,  Flink ,  Hadoop ,  Druid ,  Linux ,  Ansible ,  CI/CD ,  TDD ,  English (C1)"," Online recruitment ,  Recruitment language: English ,  Start ASAP ,  Permanent contract ,  Paid holiday for: B2B  ,  Fully remote ,  Flexible hours ,  Some travel involved "
"125"," Onwelo S.A. "," Akademia Cloud Data Engineer "," Big Data ,  Python "," Trainee, Junior "," 4 000  – 7 000  PLN "," Python ,  SQL ,  Big Data ,  English (B2),  Polish "," Online recruitment ,  Recruitment language: Polish & English ,  Start ASAP ,  Permanent contract ,  Paid holiday for: Employment contract  ,  No remote work ,  Mainly new features "
"126"," Onwelo S.A. "," Data Engineer (Microsoft) "," Business Intelligence "," Mid "," 13 650  – 16 800  PLN "," SQL ,  T-SQL ,  Power BI ,  SQL Server ,  SSIS ,  ETL ,  Communication skills ,  Problem solving ,  Proactivity ,  Team player ,  English (B2),  Polish (NATIVE)"," Online recruitment ,  Recruitment language: English & Polish ,  Start ASAP ,  Permanent contract ,  Paid holiday for: Employment contract  ,  Fully remote ,  Flexible hours ,  No travel involved "
"127"," Lingaro "," Data Analyst "," Business Analysis "," Mid, Senior "," 16 800  – 23 520  PLN "," SQL ,  Business analysis ,  SAS ,  Credit Risk management ,  Polish ,  English "," Online recruitment ,  Recruitment language: Polish & English ,  Start ASAP ,  Permanent contract ,  Fully remote ,  Flexible hours "
"128"," SEB (Skandinaviska Enskilda Banken) "," Technical Data Steward  "," Big Data ,  Python "," Mid "," 17 000  – 25 000  PLN "," Python ,  SQL ,  Collibra ,  BigQuery ,  ETL ,  Governance ,  Data management ,  Data governance ,  Excel ,  English "," Online recruitment ,  Recruitment language: English ,  Start ASAP ,  Permanent contract ,  Paid holiday for: Employment contract  ,  Remote for 2 days a week "
"129"," RITS Professional Services "," IT Business Analyst "," Business Analysis "," Mid, Senior "," 20 000  – 26 000  PLN "," SQL ,  Data base ,  UML ,  Agile ,  Scrum ,  Business analysis ,  English (B2),  Polish (C2)"," Online recruitment ,  Recruitment language: Polish & English ,  Start ASAP ,  Permanent contract ,  Remote days: flexible in a week ,  Flexible hours "
"130"," Link Group "," IT Analyst "," Business Analysis "," Mid, Senior "," 16 800  – 21 840  PLN "," SOA ,  Web Services ,  REST API ,  SOAP ,  SoapUI ,  Postman ,  Swagger ,  SQL ,  Kibana ,  Jira ,  Confluence ,  UML ,  Polish (NATIVE)"," Recruitment language: Polish ,  Start ASAP ,  Permanent contract ,  Remote days: flexible in a week "
"131"," hubQuest "," Data Engineer "," Big Data ,  Python "," Mid "," 20 000  – 28 500  PLN "," Python ,  ETL ,  Spark ,  RDBMS ,  PySpark ,  SQL ,  OOP ,  Python and/or Scala ,  English (C1),  Polish (C1)"," Recruitment language: English & Polish ,  Start ASAP ,  Permanent contract ,  Fully remote ,  Flexible hours ,  No travel involved ,  Mainly new features "
"132"," NATEK Poland "," Senior Business Analyst "," Business Analysis "," Senior "," 19 950  – 22 470  PLN "," ServiceNow ,  PL/SQL ,  BPMN ,  Jira ,  English (B2)"," Online recruitment ,  Start ASAP ,  Permanent contract ,  Paid holiday for: Employment contract  ,  Remote days: flexible in a week ,  Flexible hours "
"133"," LeoVegas "," CRO Analyst "," Business Analysis "," Mid "," 16 000  – 20 000  PLN "," SQL ,  Google Analytics ,  Hotjar ,  English (B2)"," Online recruitment ,  Recruitment language: English ,  Start ASAP ,  Permanent contract ,  Fully remote ,  Flexible hours ,  Some travel involved "
"134"," Britenet "," ETL Developer (Informatica Power Center) "," Business Intelligence "," Mid "," 15 000  – 20 000  PLN "," Bash ,  SQL ,  PL/SQL ,  Informatica Power Center ,  Oracle ,  Postgres ,  Big Query ,  English (B2)"," Online recruitment ,  Recruitment language: Polish ,  Start ASAP ,  Permanent contract ,  Fully remote ,  Flexible hours "
"135"," ING BANK SLASKI SPÓLKA AKCYJNA "," Analityk Systemowo-Biznesowy "," Business Analysis "," Mid "," 10 000  – 20 000  PLN "," SQL ,  NoSQL ,  Java ,  Polish "," Recruitment language: Polish ,  Start ASAP ,  Permanent contract ,  Paid holiday for: Employment contract  ,  Fully remote ,  Flexible hours "
"136"," PKO Finat Sp. z o.o. ","  Programista rozwiazan ETL w chmurze "," Big Data ,  ETL "," Mid "," 20 160  – 23 520  PLN "," ETL ,  Bash ,  SQL ,  PL/SQL ,  Linux ,  PostgreSQL ,  Polish "," Online recruitment ,  Recruitment language: Polish ,  Start ASAP ,  Permanent contract ,  Paid holiday for: Employment contract  ,  Remote days: flexible in a week "
"137"," Pentacomp Systemy Informatyczne S.A. "," Remote Mid/Senior Business Analyst "," Business Analysis "," Mid, Senior "," 20 000  – 25 000  PLN "," BABOK ,  UML ,  Enterprise Architect ,  English "," Recruitment language: Polish ,  Start ASAP ,  Permanent contract ,  Fully remote ,  Flexible hours "
"138"," GR8 Tech "," Data Engineer Team Lead "," Big Data ,  AWS "," Expert "," 13 297  – 26 595  PLN "," K8s ,  Airflow ,  Tableau ,  AWS ,  English (B2)"," Online recruitment ,  Recruitment language: Ukrainian & English ,  Start ASAP ,  Permanent contract ,  Fully remote ,  Flexible hours "
"139"," Lottomerkury sp. z o.o. "," IT Analyst "," Business Analysis "," Mid, Senior "," 8 500  – 17 000  PLN "," UML ,  BPMN ,  System analysis ,  Business analysis ,  Jira ,  Confluence ,  Redmine ,  English (B2),  Polish (NATIVE)"," Online recruitment ,  Recruitment language: Polish ,  Start ASAP ,  Permanent contract ,  Paid holiday for: Employment contract  ,  Remote days: flexible in a week ,  No travel involved "
"140"," Mindbox S.A. "," FX Business Analyst "," Business Analysis "," Mid, Senior "," 25 200  – 27 300  PLN "," Microservices ,  SQL ,  REST API ,  Git ,  Forex (FX) ,  English "," Recruitment language: Polish & English ,  Start ASAP ,  Permanent contract ,  Paid holiday for: Employment contract  ,  Remote days: flexible in a week ,  Fixed working hours ,  Relocation package: 4000 PLN "
"141"," Gett "," Remote Data Engineer  "," Business Intelligence "," Mid, Senior "," 22 162  – 26 595  PLN "," Data modelling ,  ETL development ,  Data warehouses ,  Python ,  English "," Recruitment language: Polish ,  Start ASAP ,  Permanent contract ,  Paid holiday for: Employment contract  ,  Fully remote "
"142"," Efigence SA "," Senior Business Analyst [RELOCATION] "," Business Analysis "," Senior "," 30 000  PLN "," UX ,  Jira ,  Redmine ,  Confluence ,  Visio ,  English "," Recruitment language: English ,  Start ASAP ,  Permanent contract ,  No remote work ,  A lot of travel involved "
"143"," People Trust Sp. z o.o. "," Data Engineer ML "," Big Data ,  Python "," Senior "," 21 050  – 24 500  PLN "," Python ,  QA ,  AI ,  Machine Learning ,  Microservices ,  PyTorch ,  Polish ,  English "," Recruitment language: Polish ,  Start ASAP ,  Permanent contract ,  Fully remote ,  Flexible hours ,  No travel involved ,  Mainly new features "
"144"," AXA IT Solutions "," Informatica Developer "," Big Data ,  Informatica IDQ "," Mid "," 20 160  – 27 720  PLN "," SQL ,  Informatica IDQ ,   Powerhouse ,  Polish ,  English (B2)"," Online recruitment ,  Recruitment language: Polish ,  Start ASAP ,  Permanent contract ,  Paid holiday for: Employment contract  ,  Remote days: flexible in a week ,  Flexible hours "
"145"," PredictX "," Junior Business Analyst "," Business Analysis "," Junior "," 6 000  – 9 000  PLN "," SQL ,  Excel ,  Business analysis ,  Problem solving ,  Polish ,  English "," Recruitment language: English ,  Start ASAP ,  Permanent contract ,  Remote days: flexible in a week ,  Flexible hours ,  Some travel involved "
"146"," PKO Finat Sp. z o.o. "," Analityk IT Aplikacji Backendowych "," Big Data ,  Spark "," Mid "," 8 000  – 15 000  PLN "," Spark ,  Oracle ,  PostgreSQL ,  GCP ,  Informatica ,  NiFi ,  JSON ,  XML ,  Kafka ,  IBM MQ ,  Excel ,  Polish "," Online recruitment ,  Recruitment language: Polish ,  Start ASAP ,  Permanent contract ,  Paid holiday for: Employment contract  ,  Remote days: flexible in a week "
"147"," Avenga "," Business Analyst - 100% REMOTE "," Business Analysis "," Mid, Senior "," 21 840  – 25 200  PLN "," BPMN ,  English (B2)"," Online recruitment ,  Recruitment language: Polish & English ,  Start ASAP ,  Permanent contract ,  Paid holiday for: Employment contract  ,  Fully remote "
"148"," RITS Professional Services "," Python Developer/Tableau Data Analyst "," Business Intelligence "," Senior, Expert "," 26 500  – 29 500  PLN "," SQL ,  Tableau ,  Python ,  Statistics ,  Machine learning ,  Polish (C2),  English (C1)"," Online recruitment ,  Recruitment language: Polish & English ,  Start ASAP ,  Permanent contract ,  Remote for 3 days a week ,  Flexible hours "
"149"," KMD Poland "," Remote Data Architect  "," Big Data ,  SQL "," Senior "," 23 500  – 29 000  PLN "," TypeScript ,  Microservices ,  SQL ,  Spark ,  Hadoop ,  Databricks ,  Big Data ,  DataArchitect ,  NoSQL ,  SQL Server ,  Azure ,  MongoDB ,  Microsoft Azure ,  English (B2),  Polish (B2)"," Online recruitment ,  Recruitment language: Polish & English ,  Start ASAP ,  Permanent contract ,  Paid holiday for: B2B  ,  Fully remote ,  Flexible hours "
"150"," Link Group "," Remote Junior Business Analyst with SQL "," Business Analysis "," Junior "," 14 000  – 16 000  PLN "," SQL ,  English (B2),  Polish "," Recruitment language: Polish & English ,  Start ASAP ,  Permanent contract ,  Fully remote ,  No travel involved "
"151"," N-iX "," Middle Database Engineer "," Big Data ,  SQL "," Mid "," 19 400  PLN "," Microsoft Azure ,  SQL Server ,  SQL ,  English (B2)"," Online recruitment ,  Recruitment language: English ,  Start ASAP ,  Permanent contract ,  Paid holiday for: Employment contract  ,  Remote days: flexible in a week ,  Flexible hours "
"152"," Skillspark "," Business Analyst "," Business Analysis "," Mid, Senior "," 18 480  – 24 360  PLN "," BPMN ,  Business analysis ,  Polish (C1),  English (C1)"," Online recruitment ,  Recruitment language: English ,  Start ASAP ,  Contract for 2 years ,  Remote days: flexible in a week "
"153"," Trinetix "," WalkMe Business Analyst "," Business Analysis "," Mid "," 12 411  PLN "," UX ,  HTML ,  CSS ,  English "," Recruitment language: English ,  Start ASAP ,  Permanent contract ,  Paid holiday for: Employment contract  ,  Fully remote "
"154"," Trinetix "," Senior Big Data Engineer<U+2028> "," Big Data ,  Python "," Senior, Expert "," 19 946  – 24 378  PLN "," Python ,  AWS ,  Glue ,  Athena ,  Amazon EMR ,  Kinesis ,  AWS Lambda ,  DMS ,  Spark ,  PySpark ,  Apache Aurora ,  English "," Recruitment language: English ,  Start ASAP ,  Permanent contract ,  Paid holiday for: Employment contract  ,  Fully remote "
"155"," SoftServe "," Lead Big Data Engineer (Python+Azure) "," Big Data ,  Python "," Expert "," 22 000  – 35 000  PLN "," Python ,  Azure ,  English (B2)"," Online recruitment ,  Recruitment language: Polish & English ,  Start ASAP ,  Permanent contract ,  Paid holiday for: B2B  ,  Fully remote ,  Flexible hours ,  Some travel involved ,  Mainly new features "
"156"," Avenga "," Senior Digital Analytics Engineer "," Business Analysis "," Senior "," 22 680  – 28 560  PLN "," Google Analytics ,  JavaScript ,  CSS ,  HTML ,  Adobe ,  English (B2)"," Online recruitment ,  Recruitment language: Polish & English ,  Start on 2023-02-28 ,  Permanent contract ,  Fully remote "
"157"," Bee Talents "," Junior Remote ERP Finance Consultant "," Business Analysis "," Junior "," 6 500  – 9 100  PLN "," Accounting ,  ERP ,  Business analysis ,  Polish ,  English "," Recruitment language: Polish ,  Start ASAP ,  Permanent contract ,  Paid holiday for: Employment contract  ,  Fully remote ,  Flexible hours ,  Work from the office: During onboarding process ,  Work from the office after onboarding: 1 day/month ,  Annual commission "
"158"," GetInData | Part of Xebia "," Staff Analytics Engineer - Data Modeler "," Big Data ,  SQL "," Expert "," 30 240  – 35 280  PLN "," SQL ,  Data modeling ,  BI Tools ,  DWH ,  English (B2),  Polish (C1)"," Recruitment language: Polish ,  Start ASAP ,  Permanent contract ,  Fully remote ,  Flexible hours ,  No travel involved "
"159"," Avenga "," Master Data Management Developer "," Big Data ,  Informatica "," Senior "," 23 520  – 28 560  PLN "," Informatica ,  Web Services ,  Java ,  ETL ,  Informatica PowerCenter ,  MDM ,  English "," Online recruitment ,  Recruitment language: Polish & English ,  Start ASAP ,  Permanent contract ,  Fully remote ,  Flexible hours "
"160"," AXA IT Solutions "," Databricks Data Engineer with Python "," Big Data ,  Python "," Senior "," 26 880  – 34 440  PLN "," Python ,  Spark ,  Databricks ,  ETL ,  Scala ,  Azure Data Factory ,  Azure ,  Git ,  English ,  Polish "," Recruitment language: Polish & English ,  Start ASAP ,  Permanent contract ,  Paid holiday for: Employment contract  ,  Remote days: flexible in a week ,  Flexible hours "
"161"," Onwelo S.A. "," Python Data Developer (Microservices) "," Big Data ,  Python "," Mid "," 13 650  – 19 950  PLN "," Python ,  Git ,  Docker ,  Kubernetes ,  Microservice architecture ,  Microservices ,  English (B2)"," Online recruitment ,  Recruitment language: Polish & English ,  Start ASAP ,  Permanent contract ,  Paid holiday for: Employment contract  ,  Fully remote "
"162"," Elitmind "," Remote BI Consultant/Developer  "," Business Intelligence "," Mid "," 14 000  – 20 000  PLN "," Azure ,  SQL Server ,  ETL ,  DAX ,  SQL ,  Power BI ,  Polish ,  English ,  Communication skills ,  Problem solving ,  Polish ,  English (B2)"," Online recruitment ,  Recruitment language: Polish & English ,  Start ASAP ,  Permanent contract ,  Paid holiday for: B2B  ,  Fully remote ,  Flexible hours ,  No travel involved "
"163"," Sigma IT Poland "," (Bioinformatics) Data Specialist "," Big Data "," Mid, Senior "," 15 000  – 23 000  PLN "," Bioinformatics background ,  Data management ,  Data handling ,  Proactivity ,  Strong management skills ,  English (B2)"," Online recruitment ,  Recruitment language: Polish & English ,  Start ASAP ,  Permanent contract ,  Paid holiday for: Employment contract  ,  Fully remote ,  Flexible hours "
"164"," Connectis_ "," Analityk IT "," Business Analysis "," Mid "," 12 000  – 20 000  PLN "," Business Analyst ,  Business analysis ,  Jira ,  Polish ,  English (B1)"," Online recruitment ,  Recruitment language: Polish ,  Start ASAP ,  Permanent contract ,  Remote for 3 days a week "
"165"," Kredyt Inkaso SA "," Business System Analyst -  Team Lead "," Business Analysis "," Mid "," 9 000  – 12 600  PLN "," UML ,  BPMN ,  English (C1)"," Online recruitment ,  Recruitment language: Polish ,  Start ASAP ,  Permanent contract ,  Paid holiday for: Employment contract  ,  Fully remote "
"166"," Unit8 SA "," Data Engineering Lead "," Big Data "," Senior "," 25 000  – 30 000  PLN "," Python ,  Java ,  C++ ,  C# ,  Scala ,  Polish ,  English "," Online recruitment ,  Recruitment language: English ,  Start ASAP ,  Permanent contract ,  Paid holiday for: B2B  ,  Remote days: flexible in a week ,  Flexible hours ,  Some travel involved ,  International Projects ,  Time for self-development: 10% ,  Learning Programme "
"167"," Hays Poland "," BI Developer (Junior/Regular) "," Business Intelligence "," Mid "," 18 480  – 21 840  PLN "," Oracle ,  SQL ,  Polish (NATIVE),  English (B2)"," Online recruitment ,  Recruitment language: Polish & English ,  Start ASAP ,  Permanent contract ,  Fully remote ,  Flexible hours "
"168"," N-iX "," Business Analyst with Spanish "," Business Analysis "," Senior "," 22 162  – 28 811  PLN "," MVP ,  Scrum, SAFe or LeSS  ,  User stories ,  Strong communication skills ,  English (C1),  Spanish (C1)"," Online recruitment ,  Recruitment language: English & Spanish ,  Start ASAP ,  Permanent contract ,  Paid holiday for: Employment contract  ,  Fully remote ,  Flexible hours ,  Some travel involved "
"169"," PCMI Corporation "," SQL Developer "," Big Data ,  SQL "," Mid "," 14 000  – 16 000  PLN "," SQL ,  SSIS ,  SSRS ,  SQL Server ,  English "," Online recruitment ,  Recruitment language: English ,  Start ASAP ,  Permanent contract ,  Paid holiday for: Employment contract  ,  Fully remote ,  Flexible hours ,  Mainly new features ,  Training budget ,  Co-financing of sports activities ,  Company sports team ,  Private medical care (Luxmed) ,  Free English classes ,  Casual atmosphere ,  Parking for employees ,  Integration meetings ,  Employee recommendation program ,  Charitable initiatives "
"170"," Onwelo S.A. "," Remote Senior Data Engineer (Spark) "," Big Data ,  Spark "," Senior "," 21 000  – 27 300  PLN "," Spark ,  Databricks ,  Python ,  SQL ,  AWS ,  English (B2)"," Recruitment language: Polish & English ,  Start ASAP ,  Permanent contract ,  Fully remote ,  Flexible hours "
"171"," Team Connect "," Analityk systemowo biznesowy "," Business Analysis "," Mid, Senior "," 20 160  – 21 840  PLN "," SQL ,  BPMN ,  Jira ,  UML ,  Business analysis ,  English "," Online recruitment ,  Recruitment language: Polish ,  Start on 2023-02-01 ,  Permanent contract ,  Remote for 2 days a week "
"172"," Sigma IT Poland "," Junior/Mid Data Engineer (Biotech) "," Big Data ,  Python "," Junior "," 15 000  – 22 000  PLN "," Python ,  SQL ,  AWS ,  English "," Recruitment language: Polish ,  Start ASAP ,  Permanent contract ,  Paid holiday for: Employment contract  ,  Fully remote ,  Flexible hours "
"173"," Team Connect "," Big Data Engineer "," Big Data ,  Spark "," Mid, Senior "," 23 500  – 28 600  PLN "," Spark ,  PySpark ,  Big Data ,  Databricks ,  Apache Airflow ,  Kafka ,  Grafana ,  English (C1),  Polish (NATIVE)"," Recruitment language: Polish & English ,  Start ASAP ,  Permanent contract ,  Fully remote ,  No travel involved ,  Mainly new features "
"174"," Hoist Finance AB (oddzial w Polsce) "," Data Scientist "," Big Data ,  SQL "," Mid "," 13 000  – 18 000  PLN "," SQL ,  Python ,  R ,  Machine learning ,  English ,  Polish "," Online recruitment ,  Recruitment language: English & Polish ,  Start ASAP ,  Permanent contract ,  Paid holiday for: Employment contract  ,  Remote days: flexible in a week ,  Flexible hours ,  Some travel involved "
"175"," Onwelo S.A. "," Remote Senior Data Engineer (AWS) "," Big Data ,  AWS "," Senior "," 23 100  – 27 300  PLN "," AWS ,  Big Data ,  AWS EC2 ,  IAM ,  AWS S3 ,  RDS ,  Amazon RDS ,  AWS Lambda ,  Glue ,  Databricks ,  Airflow ,  Python ,  SQL ,  English (B2)"," Online recruitment ,  Recruitment language: Polish & English ,  Start ASAP ,  Permanent contract ,  Paid holiday for: Employment contract  ,  Fully remote ,  Flexible hours "
"176"," Unravel "," Senior Business Analyst "," Business Analysis "," Senior "," 16 000  – 22 000  PLN "," English (B2)"," Recruitment language: Polish & English ,  Start ASAP ,  Permanent contract ,  Paid holiday for: Employment contract  ,  Fully remote ,  Some travel involved "
"177"," EPAM "," Data Analyst Consultant "," Big Data "," Expert "," 26 600  – 30 600  PLN "," Data Lake ,  DWH ,  AI ,  Polish ,  English "," Recruitment language: Polish & English ,  Start ASAP ,  Permanent contract ,  Paid holiday for: Employment contract  ,  Remote days: flexible in a week ,  Flexible hours ,  No travel involved ,  Mainly new features "
"178"," EPAM "," Data Architect "," Big Data "," Expert "," 26 600  – 30 600  PLN "," Data Lake ,  Big Data ,  Java ,  Scala ,  Python ,  AWS ,  Azure ,  GCP ,  Polish ,  English "," Recruitment language: Polish & English ,  Start ASAP ,  Permanent contract ,  Paid holiday for: Employment contract  ,  Remote days: flexible in a week ,  Flexible hours ,  No travel involved ,  Mainly new features "
"179"," Sigma IT Poland "," PowerBI Developer "," Business Intelligence "," Mid, Senior "," 18 500  – 25 000  PLN "," PowerBI ,  SSIS ,  SSRS ,  SQL ,  Power BI ,  English "," Online recruitment ,  Recruitment language: English ,  Start ASAP ,  Permanent contract ,  Paid holiday for: Employment contract  ,  Fully remote ,  Flexible hours ,  No travel involved "
"180"," EPAM "," Senior Data Engineer "," Big Data ,  SQL "," Senior "," 18 600  – 21 600  PLN "," AWS, Azure or GCP ,  API calls/FTP downloads ,  DB table ,  ETL/ELT ,  SQL ,  Python ,  Spark ,  Kafka ,  Enterprise Data Platforms technologies ,  •	Experience in data acquisition ,  •	Bachelor's degree in Computer Science ,  AWS ,  Azure ,  GCP ,  FTP ,  ETL ,  Polish ,  English "," Recruitment language: Polish ,  Start ASAP ,  Permanent contract ,  Paid holiday for: Employment contract  ,  Remote days: flexible in a week ,  Flexible hours ,  No travel involved ,  Mainly new features "
"181"," Decathlon Sp. z o.o. "," Big Data Analyst "," Big Data ,  SQL "," Mid "," 12 000  – 15 000  PLN "," SQL ,  Python ,  English "," Recruitment language: Polish ,  Start ASAP ,  Permanent contract ,  Remote for 1 day a week ,  Flexible hours "
"182"," DO OK "," Remote Business Analyst "," Business Analysis "," Mid "," 14 000  – 20 000  PLN "," Jira ,  Excel ,  English ,  Polish "," Online recruitment ,  Recruitment language: Polish & English ,  Start ASAP ,  Permanent contract ,  Fully remote ,  Flexible hours ,  Some travel involved "
"183"," XTB S.A. "," Akademia IT - Analiza Biznesowa "," Business Analysis "," Trainee "," 4 500  – 5 000  PLN "," Business analysis ,  Polish "," Online recruitment ,  Recruitment language: Polish ,  Start on 2023-03-01 ,  Permanent contract ,  Fully remote ,  Flexible hours ,  No travel involved "
"184"," XTB S.A. "," Akademia IT -SQL "," Big Data ,  SQL "," Trainee "," 4 500  – 5 000  PLN "," SQL ,  Polish "," Online recruitment ,  Recruitment language: Polish ,  Start on 2023-03-01 ,  Permanent contract ,  Fully remote ,  Flexible hours ,  No travel involved "
"185"," Intersys Group Sp. z o.o. "," Junior Dynamics 365 CRM Consultant "," Business Intelligence "," Junior "," 5 500  – 7 000  PLN "," Power BI ,  CRM ,  Microsoft Dynamics 365 ,  Marketing ,  Sales ,  Customer Service ,  Power Platform ,  Power Apps ,  Power Automate ,  English (C1)"," Online recruitment ,  Recruitment language: Polish & English ,  Start ASAP ,  Permanent contract ,  Paid holiday for: Employment contract  ,  Remote days: flexible in a week ,  Flexible hours ,  Some travel involved "
"186"," Green Minds Sp.z o.o. "," ETL Developer/ Konsultant "," Business Intelligence "," Junior "," 10 080  – 12 000  PLN "," ETL ,  SQL ,  Communication skills ,  Problem solving ,  Polish ,  English "," Online recruitment ,  Recruitment language: Polish & English ,  Start ASAP ,  Permanent contract ,  Fully remote ,  No travel involved "
"187"," Green Minds Sp.z o.o. "," Junior ETL / SQL Developer "," Big Data ,  SQL "," Junior "," 10 080  – 12 000  PLN "," SQL ,  MySQL ,  ETL ,  Problem solving ,  Communication skills ,  Polish ,  English "," Online recruitment ,  Recruitment language: Polish & English ,  Start ASAP ,  Permanent contract ,  Fully remote ,  No travel involved "
"188"," Green Minds Sp.z o.o. "," Junior IT Analyst "," Business Analysis "," Junior "," 10 080  – 11 928  PLN "," UML ,  BPMN ,  Enterprise Architect ,  System analysis ,  Business analysis ,  English ,  Polish "," Online recruitment ,  Recruitment language: English & Polish ,  Start ASAP ,  Permanent contract ,  Paid holiday for: Employment contract  ,  Remote for 3 days a week ,  No travel involved "
"189"," Documati "," Junior Data Engineer "," Big Data ,  SQL "," Junior "," 5 500  – 8 000  PLN "," SQL ,  JAVA ,  ETL ,  Polish "," Online recruitment ,  Recruitment language: Polish ,  Start ASAP ,  Permanent contract ,  Paid holiday for: Employment contract  ,  Remote days: flexible in a week ,  No travel involved "
"190"," RemoDevs "," Senior Data Engineer "," Big Data ,  Spark "," Mid, Senior "," 28 485  – 37 980  PLN "," ETL ,  Python ,  Airflow ,  AWS ,  GIT ,  SQL ,  Spark ,  Snowflake ,  Hadoop ,  Machine Learning ,  Java ,  Docker ,  Kubernetes ,  AWS S3 ,  Amazon EKS ,  Glue ,  Prometheus ,  Grafana ,  CI/CD ,  English "," Recruitment language: English ,  Start ASAP ,  Permanent contract ,  Fully remote ,  No travel involved ,  Mainly new features "
"191"," Polskie Technologie "," Analityk / Specjalista ds. Raportowania "," Business Intelligence "," Junior "," 5 000  – 10 000  PLN "," SQL ,  SQL Server ,  ETL ,  Polish "," Online recruitment ,  Recruitment language: Polish ,  Start ASAP ,  Permanent contract ,  COVID-time remotely ,  Flexible hours ,  No travel involved "
"192"," Polskie Technologie "," Analityk / Specjalista ds. Raportowania "," Business Intelligence "," Junior "," 5 000  – 10 000  PLN "," SQL ,  SQL Server ,  ETL ,  Polish "," Online recruitment ,  Recruitment language: Polish ,  Start ASAP ,  Permanent contract ,  Remote days: flexible in a week ,  Flexible hours ,  No travel involved "
"193"," Axiom Health "," Data Engineer "," Big Data ,  Spark "," Mid, Senior "," 22 162  – 35 460  PLN "," Data engineering ,  Spark ,  SQL ,  Python ,  Big Data ,  dbt ,  AWS Cloud ,  ETL ,  English "," Online recruitment ,  Recruitment language: English ,  Start ASAP ,  Permanent contract ,  Paid holiday for: B2B  ,  Remote days: flexible in a week ,  Flexible hours "
"194"," OEConnection "," Junior Business Intelligence Engineer "," Business Intelligence "," Junior "," 6 500  – 10 000  PLN "," SQL ,  Power BI ,  English (C1),  Polish (C1)"," Online recruitment ,  Recruitment language: English & Polish ,  Start ASAP ,  Permanent contract ,  Paid holiday for: Employment contract  ,  Remote for 4 days a week ,  Flexible hours ,  No travel involved "
"195"," PREDICTX "," Junior Analyst (15-23) "," Business Analysis "," Junior "," 6 000  – 9 000  PLN "," SQL ,  Excel ,  Business analysis ,  Problem solving ,  English "," Recruitment language: English ,  Start ASAP ,  Permanent contract ,  Remote for 3 days a week ,  Fixed working hours ,  Some travel involved "
"196"," World of Books Hungary Kft. "," Data Engineer "," Business Analysis "," Mid, Senior "," 18 132  – 20 549  PLN "," SQL ,  Java ,  PostgreSQL ,  MariaDB ,  Big Data ,  Google Cloud Storage ,  Google BigQuery ,  Kafka ,  English (B2),  Hungarian (NATIVE)"," Online recruitment ,  Recruitment language: Hungarian ,  Start ASAP ,  Permanent contract ,  Paid holiday for: Employment contract  ,  Fully remote ,  Flexible hours "
"197"," Fox & Wolf HR Solutions Kft. "," Data Engineer  "," Big Data ,  Azure "," Mid, Senior "," 12 088  – 18 132  PLN "," Data engineering ,  Data analytics ,  Python ,  CI/CD ,  Azure DevOps ,  GitLab ,  Azure ,  Hungarian ,  English "," Recruitment language: Hungarian & English ,  Start ASAP ,  Permanent contract ,  Paid holiday for: Employment contract  ,  Remote for 3 days a week ,  No travel involved "
"198"," Instructure Hungary Kft "," Data Pipeline Engineer "," Big Data ,  Java "," Senior, Expert "," 18 132  – 24 176  PLN "," Java ,  Scala ,  Python ,  Data engineering ,  English "," Online recruitment ,  Recruitment language: Hungarian & English ,  Start ASAP ,  Permanent contract ,  Paid holiday for: Employment contract  ,  Remote days: flexible in a week ,  Flexible hours "
"199"," NIX Tech Kft. "," Junior Data Engineer "," Big Data ,  Python "," Junior "," 6 442  – 8 655  PLN "," Python ,  SQL ,  PostgreSQL ,  MySQL ,  Oracle ,  ETL ,  Version Control Systems  ,  Git ,  MongoDB ,  AWS Glue ,  English (B1)"," Recruitment language: English ,  Start ASAP ,  Permanent contract ,  Paid holiday for: Employment contract  ,  No remote work "
"200"," Kiruly Kft. "," IT Business Analyst "," Business Analysis "," Mid, Senior "," 8 461  – 14 505  PLN "," Business analysis ,  Testing ,  Hungarian "," Recruitment language: Hungarian ,  Start ASAP ,  Permanent contract ,  Paid holiday for: Employment contract  ,  Remote for 2 days a week "
